{"stats":{"minecraft:mined":{"minecraft:birch_log":5,"minecraft:jungle_leaves":2},"minecraft:custom":{"minecraft:jump":65,"minecraft:time_since_rest":9415,"minecraft:crouch_one_cm":271,"minecraft:sprint_one_cm":3405,"minecraft:leave_game":3,"minecraft:play_time":9415,"minecraft:damage_taken":40,"minecraft:time_since_death":9415,"minecraft:walk_one_cm":7033,"minecraft:sneak_time":241,"minecraft:climb_one_cm":169,"minecraft:total_world_time":9415,"minecraft:fall_one_cm":2660,"minecraft:fly_one_cm":89146}},"DataVersion":3120}