{"stats":{"minecraft:custom":{"minecraft:jump":96,"minecraft:time_since_rest":40714,"minecraft:deaths":1,"minecraft:damage_taken":440,"minecraft:crouch_one_cm":271,"minecraft:leave_game":4,"minecraft:play_time":51101,"minecraft:sprint_one_cm":4222,"minecraft:time_since_death":40686,"minecraft:walk_one_cm":9993,"minecraft:sneak_time":241,"minecraft:total_world_time":51101,"minecraft:climb_one_cm":683,"minecraft:fall_one_cm":6291,"minecraft:fly_one_cm":91518},"minecraft:mined":{"minecraft:birch_log":5,"minecraft:jungle_leaves":2}},"DataVersion":3120}