{"stats":{"minecraft:custom":{"minecraft:interact_with_crafting_table":47,"minecraft:bell_ring":19,"minecraft:eat_cake_slice":4,"minecraft:leave_game":14,"minecraft:time_since_death":253203,"minecraft:damage_resisted":216,"minecraft:sprint_one_cm":1524989,"minecraft:drop":816,"minecraft:talked_to_villager":211,"minecraft:play_time":982076,"minecraft:deaths":15,"minecraft:jump":10127,"minecraft:interact_with_brewingstand":1,"minecraft:walk_on_water_one_cm":100584,"minecraft:interact_with_furnace":100,"minecraft:play_record":1,"minecraft:traded_with_villager":370,"minecraft:sleep_in_bed":22,"minecraft:damage_dealt":19973,"minecraft:player_kills":1,"minecraft:crouch_one_cm":482807,"minecraft:interact_with_smoker":1,"minecraft:interact_with_smithing_table":2,"minecraft:interact_with_anvil":14,"minecraft:mob_kills":160,"minecraft:damage_dealt_resisted":237,"minecraft:climb_one_cm":12049,"minecraft:walk_one_cm":2857300,"minecraft:damage_dealt_absorbed":5889,"minecraft:sneak_time":106919,"minecraft:walk_under_water_one_cm":32285,"minecraft:boat_one_cm":825402,"minecraft:interact_with_blast_furnace":4,"minecraft:total_world_time":982076,"minecraft:interact_with_grindstone":9,"minecraft:time_since_rest":244950,"minecraft:damage_taken":14257,"minecraft:swim_one_cm":64806,"minecraft:fly_one_cm":3621615,"minecraft:open_chest":401,"minecraft:fall_one_cm":263587},"minecraft:killed_by":{"minecraft:zombie":2,"minecraft:player":1,"minecraft:iron_golem":1,"born_in_chaos_v1:bonescaller":1,"minecraft:skeleton":1},"minecraft:dropped":{"minecraft:iron_sword":6,"minecraft:diamond_axe":8,"minecraft:lapis_lazuli":4,"minecraft:baked_potato":128,"minecraft:glass_bottle":1,"minecraft:diamond":871,"minecraft:dark_oak_sapling":1,"minecraft:crossbow":27,"minecraft:leather":5,"minecraft:oxidized_cut_copper_slab":1,"minecraft:jungle_planks":82,"minecraft:fletching_table":3,"minecraft:cracked_stone_bricks":1,"minecraft:red_mushroom":3,"minecraft:emerald":2222,"born_in_chaos_v1:monster_flesh":2,"minecraft:dirt":8899,"minecraft:dark_oak_log":1,"born_in_chaos_v1:monster_skin":1,"minecraft:cornflower":2,"minecraft:stripped_dark_oak_wood":1,"minecraft:jungle_sapling":1,"minecraft:bone_meal":2,"minecraft:sand":50,"minecraft:iron_pickaxe":6,"minecraft:fermented_spider_eye":1,"minecraft:white_wool":16,"minecraft:cauldron":1,"minecraft:gold_ingot":2,"minecraft:bone":21,"minecraft:gravel":1,"minecraft:stone_axe":9,"minecraft:iron_nugget":64,"minecraft:wheat":129,"minecraft:beetroot":34,"minecraft:rotten_flesh":5,"twm:aurum_shovel":2,"minecraft:oak_planks":2,"minecraft:white_bed":3,"minecraft:carrot":33,"sophisticatedbackpacks:diamond_backpack":1,"minecraft:chainmail_chestplate":2,"minecraft:beetroot_seeds":112,"minecraft:jungle_log":1609,"minecraft:chainmail_boots":2,"minecraft:chest":64,"minecraft:leather_leggings":1,"minecraft:iron_bars":6,"minecraft:arrow":196,"minecraft:glass":193,"twm:aurum_axe":2,"minecraft:stone_hoe":10,"minecraft:enchanted_book":29,"minecraft:water_bucket":2,"minecraft:iron_ingot":572,"minecraft:bread":204,"born_in_chaos_v1:shattered_skull":1,"minecraft:wheat_seeds":69,"minecraft:smithing_table":1,"minecraft:bookshelf":64,"minecraft:iron_helmet":2,"minecraft:feather":4,"minecraft:golden_axe":2,"minecraft:cobblestone":8372,"minecraft:book":104,"minecraft:chainmail_helmet":1,"minecraft:acacia_log":1,"minecraft:grass_block":2,"minecraft:coal":417,"minecraft:stick":5221,"minecraft:lava_bucket":2,"born_in_chaos_v1:gnawed_bones":2,"minecraft:torch":128,"minecraft:repeater":2,"born_in_chaos_v1:fused_bone":2,"minecraft:fire_charge":1,"minecraft:iron_leggings":4,"minecraft:jungle_leaves":1,"minecraft:iron_axe":2,"minecraft:mud":3,"minecraft:chainmail_leggings":1,"minecraft:iron_shovel":5,"minecraft:string":2,"minecraft:music_disc_cat":1,"minecraft:dandelion":1,"twm:aurum_pickaxe":1,"minecraft:redstone":4,"minecraft:farmland":1,"minecraft:sweet_berries":2,"minecraft:stone_sword":2,"minecraft:diamond_hoe":4,"minecraft:experience_bottle":327,"minecraft:raw_iron":1,"minecraft:stone_shovel":7,"minecraft:iron_boots":2,"minecraft:villager_spawn_egg":1,"minecraft:glass_pane":192,"minecraft:diamond_sword":1,"minecraft:potato":174,"minecraft:hay_block":1,"minecraft:stone":3,"bloodandmadness:sanguisteel_nugget":1,"minecraft:iron_chestplate":3,"minecraft:andesite":15,"minecraft:oak_boat":1,"minecraft:spider_eye":2,"minecraft:bow":29,"minecraft:stone_pickaxe":20,"minecraft:wooden_pickaxe":1,"minecraft:bell":17,"minecraft:black_wool":1},"minecraft:broken":{"minecraft:stone_axe":1,"minecraft:iron_axe":1},"minecraft:killed":{"born_in_chaos_v1:zombie_lumberjack":1,"minecraft:spider":14,"minecraft:skeleton":19,"bloodandmadness:beast_patient":4,"minecraft:chicken":6,"minecraft:pig":8,"minecraft:iron_golem":1,"minecraft:creeper":1,"minecraft:sheep":13,"minecraft:zombie":22,"born_in_chaos_v1:dread_hound":1,"minecraft:stray":2,"minecraft:cow":1,"bloodandmadness:church_doctor":1,"born_in_chaos_v1:maggot":4,"minecraft:phantom":1,"minecraft:horse":3,"bloodandmadness:huntsman_axe":1,"born_in_chaos_v1:corpse_fish":4,"born_in_chaos_v1:baby_skeleton":1},"minecraft:mined":{"minecraft:white_bed":5,"minecraft:cobblestone_stairs":2,"minecraft:jungle_leaves":176,"minecraft:grass_block":4377,"minecraft:jungle_log":2680,"minecraft:spawner":8,"minecraft:tall_seagrass":1,"minecraft:iron_ore":9,"minecraft:fire":2,"minecraft:anvil":1,"minecraft:azure_bluet":1,"minecraft:dirt_path":17,"minecraft:iron_bars":14,"minecraft:jungle_trapdoor":2,"minecraft:cut_sandstone":2,"minecraft:jungle_door":2,"minecraft:kelp_plant":1,"minecraft:torch":21,"minecraft:jungle_stairs":1,"minecraft:poppy":2,"minecraft:chest":2,"minecraft:glass":5,"minecraft:cobblestone":7,"minecraft:grindstone":2,"minecraft:sugar_cane":5,"minecraft:damaged_anvil":1,"minecraft:wall_torch":43,"minecraft:seagrass":1,"minecraft:jungle_wood":2,"minecraft:mud":4,"minecraft:wheat":12,"minecraft:jukebox":1,"born_in_chaos_v1:river_mint":5,"minecraft:grass":164,"minecraft:oak_log":26,"minecraft:beetroots":27,"minecraft:sand":604,"minecraft:dirt":9055,"minecraft:dark_oak_log":710,"minecraft:mangrove_roots":2,"minecraft:jungle_planks":379,"born_in_chaos_v1:gnawed_bones":1,"minecraft:hay_block":26,"minecraft:furnace":2,"minecraft:carrots":11,"minecraft:jungle_sapling":4,"minecraft:andesite":791,"minecraft:bookshelf":22,"minecraft:potatoes":87,"minecraft:vine":27,"minecraft:stripped_jungle_log":206,"minecraft:stone":22227,"minecraft:glass_pane":116,"born_in_chaos_v1:marigolds":2,"minecraft:stripped_dark_oak_log":2,"minecraft:dandelion":6,"minecraft:crafting_table":5,"minecraft:cornflower":1,"minecraft:tall_grass":22,"minecraft:copper_ore":151,"minecraft:diorite":193,"minecraft:coal_ore":282,"minecraft:gravel":721,"minecraft:cobweb":3,"minecraft:small_dripleaf":1},"minecraft:used":{"minecraft:beetroot":5,"minecraft:iron_shovel":92,"minecraft:diamond_hoe":21,"minecraft:chest":27,"minecraft:iron_sword":78,"minecraft:stone":187,"minecraft:farmland":69,"twm:aurum_pickaxe":20114,"minecraft:jungle_planks":9282,"minecraft:carrot":44,"minecraft:jungle_slab":256,"minecraft:jungle_sapling":100,"minecraft:glass":25,"minecraft:lava_bucket":3,"minecraft:stripped_dark_oak_wood":157,"minecraft:villager_spawn_egg":6,"minecraft:lantern":102,"minecraft:grass_block":28,"minecraft:dark_oak_wood":18,"minecraft:hay_block":1,"minecraft:furnace":11,"minecraft:egg":1,"minecraft:potato":230,"minecraft:dark_oak_sapling":52,"minecraft:damaged_anvil":1,"minecraft:stone_pickaxe":210,"minecraft:jungle_fence":13,"minecraft:wooden_pickaxe":18,"twm:aurum_axe":1214,"minecraft:chainmail_helmet":1,"minecraft:sugar_cane":5,"minecraft:diamond_axe":1105,"minecraft:jungle_boat":4,"minecraft:white_wool":6,"minecraft:sand":1,"minecraft:blast_furnace":2,"minecraft:shears":177,"minecraft:lightning_rod":2,"minecraft:dark_oak_log":417,"minecraft:bread":24,"minecraft:brown_wool":2,"minecraft:diamond_sword":208,"minecraft:fire_charge":1,"minecraft:wooden_sword":18,"minecraft:chainmail_boots":1,"minecraft:grindstone":4,"minecraft:smithing_table":9,"minecraft:oak_boat":9,"minecraft:bone_meal":161,"minecraft:cobweb":1,"minecraft:experience_bottle":502,"minecraft:jungle_leaves":276,"minecraft:stone_sword":119,"minecraft:flint_and_steel":101,"twm:aurum_shovel":4051,"minecraft:cooked_chicken":4,"minecraft:torch":379,"minecraft:dirt":2768,"minecraft:anvil":1,"minecraft:chainmail_chestplate":2,"minecraft:jungle_trapdoor":145,"minecraft:flowering_azalea":1,"twm:gilded_netherite_pickaxe":1,"minecraft:iron_axe":3,"minecraft:jungle_log":2339,"minecraft:beef":3,"minecraft:cooked_beef":10,"minecraft:golden_axe":19,"minecraft:iron_leggings":3,"minecraft:cooked_mutton":6,"born_in_chaos_v1:mint_ice_cream":1,"minecraft:water_bucket":16,"minecraft:cobblestone_stairs":2,"minecraft:baked_potato":92,"bossominium:overgrown_pickaxe":24,"minecraft:cut_sandstone":9,"minecraft:fletching_table":5,"minecraft:jungle_wood":41,"minecraft:stripped_dark_oak_log":124,"minecraft:music_disc_cat":1,"minecraft:vine":88,"minecraft:tnt":103,"minecraft:crafting_table":17,"minecraft:white_bed":14,"minecraft:diamond_pickaxe":3422,"minecraft:black_wool":5,"minecraft:apple":21,"minecraft:diamond_shovel":10662,"minecraft:stripped_jungle_log":642,"minecraft:chicken":3,"minecraft:jungle_stairs":55,"minecraft:stone_axe":3,"minecraft:cobblestone":16,"minecraft:potion":1,"minecraft:cooked_porkchop":3,"minecraft:jungle_door":6,"minecraft:glass_pane":1113,"minecraft:yellow_bed":2,"minecraft:gray_wool":1,"minecraft:jukebox":1,"minecraft:chainmail_leggings":1},"minecraft:crafted":{"minecraft:cooked_chicken":3,"minecraft:lightning_rod":2,"minecraft:diamond_shovel":5,"minecraft:cooked_mutton":4,"minecraft:glass":384,"minecraft:bow":29,"minecraft:chest":11,"minecraft:jungle_stairs":40,"minecraft:stone_hoe":12,"sophisticatedbackpacks:backpack":1,"minecraft:arrow":192,"minecraft:emerald":202,"minecraft:diamond_axe":8,"minecraft:crafting_table":16,"minecraft:jungle_boat":3,"minecraft:wooden_pickaxe":1,"minecraft:baked_potato":154,"minecraft:copper_ingot":12,"minecraft:charcoal":26,"minecraft:diamond_pickaxe":1,"minecraft:stick":2384,"minecraft:iron_pickaxe":3,"minecraft:stone_sword":1,"minecraft:wooden_sword":1,"minecraft:stone_shovel":12,"minecraft:diamond_hoe":6,"minecraft:furnace":4,"minecraft:bone_meal":117,"minecraft:glass_pane":832,"minecraft:iron_axe":4,"minecraft:stone_pickaxe":21,"minecraft:wheat":225,"minecraft:cooked_beef":1,"minecraft:crossbow":24,"minecraft:jungle_wood":6,"minecraft:diamond_sword":2,"minecraft:iron_sword":5,"minecraft:bell":24,"minecraft:stone_axe":14,"minecraft:bread":64,"minecraft:air":0,"minecraft:jungle_planks":9044,"minecraft:jungle_door":3,"minecraft:white_bed":1,"minecraft:torch":176},"minecraft:picked_up":{"minecraft:iron_chestplate":4,"minecraft:wheat":205,"minecraft:chainmail_boots":3,"minecraft:anvil":1,"minecraft:diamond_sword":2,"minecraft:oak_stairs":1,"minecraft:potion":4,"minecraft:enchanted_book":33,"minecraft:music_disc_cat":3,"minecraft:string":16,"minecraft:raw_copper":266,"minecraft:iron_leggings":7,"minecraft:experience_bottle":332,"minecraft:beetroot":78,"minecraft:iron_pickaxe":3,"minecraft:furnace":4,"minecraft:iron_boots":6,"minecraft:stick":4482,"born_in_chaos_v1:shattered_skull":1,"minecraft:jungle_door":7,"minecraft:jukebox":1,"minecraft:big_dripleaf":5,"minecraft:torch":226,"minecraft:acacia_log":1,"minecraft:porkchop":30,"minecraft:golden_axe":3,"minecraft:warped_planks":2,"minecraft:cauldron":1,"twm:aurum_shovel":3,"minecraft:stone_sword":1,"minecraft:rotten_flesh":22,"minecraft:tropical_fish":1,"minecraft:bookshelf":64,"bloodandmadness:blood_stone_shard":2,"minecraft:iron_bars":10,"minecraft:cobblestone":10930,"minecraft:feather":5,"minecraft:repeater":1,"minecraft:andesite":183,"minecraft:jungle_log":4384,"minecraft:brown_wool":1,"minecraft:jungle_wood":2,"minecraft:potato":586,"minecraft:flint":63,"minecraft:lapis_lazuli":20,"minecraft:dirt":13985,"minecraft:lantern":6,"born_in_chaos_v1:monster_skin":2,"born_in_chaos_v1:marigolds":4,"minecraft:leather_boots":1,"minecraft:glass":193,"minecraft:bone":55,"minecraft:bow":23,"minecraft:wheat_seeds":268,"minecraft:grindstone":2,"minecraft:music_disc_13":1,"minecraft:poisonous_potato":2,"minecraft:sand":613,"minecraft:jungle_planks":1046,"minecraft:grass_block":1,"minecraft:fermented_spider_eye":1,"minecraft:oxidized_cut_copper_slab":2,"minecraft:dark_oak_log":573,"minecraft:jungle_leaves":109,"minecraft:diamond":704,"minecraft:crossbow":19,"minecraft:bone_meal":20,"minecraft:golden_apple":2,"minecraft:chainmail_helmet":1,"minecraft:emerald":2256,"minecraft:bread":318,"minecraft:oak_sapling":21,"born_in_chaos_v1:rotten_fish":4,"minecraft:mud":3,"minecraft:crafting_table":5,"minecraft:azure_bluet":2,"minecraft:chicken":7,"born_in_chaos_v1:river_mint":28,"minecraft:leather_leggings":2,"minecraft:cornflower":2,"minecraft:jungle_trapdoor":22,"minecraft:moss_carpet":1,"minecraft:iron_axe":5,"minecraft:iron_shovel":17,"minecraft:glass_pane":192,"bloodandmadness:blood_vial":4,"minecraft:cracked_stone_bricks":2,"minecraft:beef":3,"born_in_chaos_v1:gnawed_bones":3,"minecraft:jungle_sapling":184,"minecraft:iron_nugget":64,"minecraft:poppy":5,"minecraft:light_gray_wool":3,"minecraft:sugar_cane":14,"minecraft:chest":2,"minecraft:phantom_membrane":6,"minecraft:egg":1,"minecraft:dark_oak_sapling":63,"minecraft:raw_iron":6,"minecraft:stone":1,"minecraft:carrot":201,"minecraft:redstone":12,"bloodandmadness:beastblood_clump":3,"minecraft:tnt":3,"minecraft:arrow":20,"minecraft:beetroot_seeds":168,"minecraft:hay_block":31,"bloodandmadness:sanguisteel_nugget":2,"minecraft:gold_ingot":12,"minecraft:mutton":36,"minecraft:white_wool":24,"minecraft:oxeye_daisy":1,"born_in_chaos_v1:fused_bone":10,"born_in_chaos_v1:corpse_maggot":2,"minecraft:jungle_boat":3,"born_in_chaos_v1:monster_flesh":6,"minecraft:cut_sandstone":2,"minecraft:leather":30,"minecraft:red_mushroom":3,"minecraft:oak_log":26,"minecraft:chainmail_chestplate":4,"minecraft:cobblestone_stairs":2,"minecraft:apple":11,"minecraft:kelp":6,"twm:aurum_axe":3,"minecraft:iron_ingot":452,"minecraft:stone_pickaxe":11,"minecraft:cooked_chicken":4,"minecraft:iron_sword":8,"minecraft:flowering_azalea":1,"sophisticatedbackpacks:diamond_backpack":1,"minecraft:book":234,"minecraft:sweet_berries":8,"minecraft:dandelion":20,"minecraft:gravel":113,"minecraft:lava_bucket":1,"minecraft:white_bed":10,"minecraft:spider_eye":5,"minecraft:stripped_jungle_log":179,"twm:aurum_pickaxe":1,"minecraft:stone_axe":2,"minecraft:iron_helmet":3,"minecraft:diamond_axe":5,"minecraft:baked_potato":283,"minecraft:damaged_anvil":1,"minecraft:coal":896}},"DataVersion":3120}