{"stats":{"minecraft:crafted":{"minecraft:cooked_chicken":3,"minecraft:diamond_shovel":5,"minecraft:cooked_mutton":4,"minecraft:glass":361,"minecraft:bow":29,"minecraft:chest":11,"minecraft:stone_hoe":12,"sophisticatedbackpacks:backpack":1,"minecraft:arrow":192,"minecraft:emerald":202,"minecraft:diamond_axe":8,"minecraft:crafting_table":11,"minecraft:jungle_boat":3,"minecraft:wooden_pickaxe":1,"minecraft:baked_potato":28,"minecraft:diamond_pickaxe":1,"minecraft:stick":2384,"minecraft:iron_pickaxe":3,"minecraft:stone_sword":1,"minecraft:wooden_sword":1,"minecraft:stone_shovel":12,"minecraft:diamond_hoe":6,"minecraft:furnace":4,"minecraft:bone_meal":12,"minecraft:glass_pane":352,"minecraft:iron_axe":4,"minecraft:stone_pickaxe":21,"minecraft:wheat":225,"minecraft:cooked_beef":1,"minecraft:crossbow":24,"minecraft:jungle_wood":6,"minecraft:diamond_sword":2,"minecraft:iron_sword":5,"minecraft:bell":24,"minecraft:stone_axe":14,"minecraft:bread":64,"minecraft:air":0,"minecraft:jungle_planks":3632,"minecraft:white_bed":1,"minecraft:torch":124},"minecraft:dropped":{"minecraft:iron_sword":6,"minecraft:diamond_axe":8,"minecraft:lapis_lazuli":4,"minecraft:baked_potato":128,"minecraft:glass_bottle":1,"minecraft:diamond":871,"minecraft:crossbow":27,"minecraft:leather":5,"minecraft:oxidized_cut_copper_slab":1,"minecraft:jungle_planks":82,"minecraft:fletching_table":3,"minecraft:cracked_stone_bricks":1,"minecraft:red_mushroom":3,"minecraft:emerald":2222,"born_in_chaos_v1:monster_flesh":2,"minecraft:dirt":8656,"minecraft:dark_oak_log":1,"born_in_chaos_v1:monster_skin":1,"minecraft:cornflower":2,"minecraft:jungle_sapling":1,"minecraft:bone_meal":2,"minecraft:iron_pickaxe":6,"minecraft:fermented_spider_eye":1,"minecraft:white_wool":16,"minecraft:cauldron":1,"minecraft:gold_ingot":2,"minecraft:bone":21,"minecraft:stone_axe":9,"minecraft:iron_nugget":64,"minecraft:wheat":129,"minecraft:beetroot":34,"minecraft:rotten_flesh":5,"minecraft:oak_planks":2,"twm:aurum_shovel":1,"minecraft:white_bed":3,"minecraft:carrot":33,"minecraft:chainmail_chestplate":2,"minecraft:beetroot_seeds":112,"minecraft:jungle_log":578,"minecraft:chainmail_boots":2,"minecraft:chest":64,"minecraft:leather_leggings":1,"minecraft:iron_bars":6,"minecraft:arrow":196,"minecraft:glass":193,"twm:aurum_axe":2,"minecraft:water_bucket":2,"minecraft:stone_hoe":10,"minecraft:enchanted_book":29,"minecraft:iron_ingot":572,"minecraft:bread":204,"born_in_chaos_v1:shattered_skull":1,"minecraft:wheat_seeds":68,"minecraft:smithing_table":1,"minecraft:bookshelf":64,"minecraft:iron_helmet":2,"minecraft:feather":4,"minecraft:golden_axe":2,"minecraft:cobblestone":6660,"minecraft:book":104,"minecraft:acacia_log":1,"minecraft:chainmail_helmet":1,"minecraft:grass_block":2,"minecraft:coal":417,"minecraft:stick":5202,"minecraft:lava_bucket":2,"born_in_chaos_v1:gnawed_bones":2,"minecraft:torch":128,"minecraft:repeater":2,"born_in_chaos_v1:fused_bone":2,"minecraft:fire_charge":1,"minecraft:iron_leggings":4,"minecraft:iron_axe":2,"minecraft:mud":3,"minecraft:chainmail_leggings":1,"minecraft:iron_shovel":5,"minecraft:string":2,"minecraft:music_disc_cat":1,"minecraft:dandelion":1,"twm:aurum_pickaxe":1,"minecraft:redstone":4,"minecraft:farmland":1,"minecraft:sweet_berries":2,"minecraft:stone_sword":2,"minecraft:diamond_hoe":4,"minecraft:experience_bottle":257,"minecraft:raw_iron":1,"minecraft:stone_shovel":7,"minecraft:iron_boots":2,"minecraft:villager_spawn_egg":1,"minecraft:glass_pane":192,"minecraft:diamond_sword":1,"minecraft:potato":174,"minecraft:hay_block":1,"minecraft:stone":3,"minecraft:iron_chestplate":3,"minecraft:oak_boat":1,"minecraft:spider_eye":2,"minecraft:bow":29,"minecraft:stone_pickaxe":20,"minecraft:wooden_pickaxe":1,"minecraft:bell":17,"minecraft:black_wool":1},"minecraft:custom":{"minecraft:interact_with_crafting_table":36,"minecraft:bell_ring":19,"minecraft:eat_cake_slice":4,"minecraft:leave_game":9,"minecraft:time_since_death":526645,"minecraft:damage_resisted":216,"minecraft:sprint_one_cm":1007135,"minecraft:drop":745,"minecraft:talked_to_villager":210,"minecraft:play_time":664112,"minecraft:deaths":14,"minecraft:jump":6621,"minecraft:interact_with_brewingstand":1,"minecraft:walk_on_water_one_cm":51435,"minecraft:interact_with_furnace":79,"minecraft:play_record":1,"minecraft:traded_with_villager":370,"minecraft:sleep_in_bed":21,"minecraft:damage_dealt":16514,"minecraft:player_kills":1,"minecraft:crouch_one_cm":235551,"minecraft:interact_with_smoker":1,"minecraft:interact_with_smithing_table":2,"minecraft:mob_kills":140,"minecraft:interact_with_anvil":14,"minecraft:damage_dealt_resisted":237,"minecraft:climb_one_cm":10430,"minecraft:walk_one_cm":1631892,"minecraft:damage_dealt_absorbed":5613,"minecraft:sneak_time":49592,"minecraft:walk_under_water_one_cm":29669,"minecraft:boat_one_cm":825402,"minecraft:interact_with_blast_furnace":4,"minecraft:total_world_time":664112,"minecraft:interact_with_grindstone":9,"minecraft:time_since_rest":243023,"minecraft:damage_taken":11082,"minecraft:swim_one_cm":61632,"minecraft:fly_one_cm":2740472,"minecraft:open_chest":296,"minecraft:fall_one_cm":199070},"minecraft:mined":{"minecraft:white_bed":5,"minecraft:cobblestone_stairs":2,"minecraft:jungle_leaves":176,"minecraft:grass_block":3347,"minecraft:jungle_log":2032,"minecraft:spawner":8,"minecraft:tall_seagrass":1,"minecraft:iron_ore":4,"minecraft:fire":2,"minecraft:dirt_path":17,"minecraft:iron_bars":14,"minecraft:cut_sandstone":2,"minecraft:kelp_plant":1,"minecraft:torch":5,"minecraft:chest":2,"minecraft:glass":5,"minecraft:grindstone":2,"minecraft:sugar_cane":5,"minecraft:damaged_anvil":1,"minecraft:wall_torch":6,"minecraft:jungle_wood":2,"minecraft:mud":4,"minecraft:wheat":12,"minecraft:jukebox":1,"born_in_chaos_v1:river_mint":4,"minecraft:grass":98,"minecraft:oak_log":26,"minecraft:beetroots":27,"minecraft:sand":545,"minecraft:dirt":6622,"minecraft:mangrove_roots":2,"minecraft:jungle_planks":139,"born_in_chaos_v1:gnawed_bones":1,"minecraft:hay_block":26,"minecraft:furnace":2,"minecraft:carrots":11,"minecraft:jungle_sapling":4,"minecraft:andesite":35,"minecraft:bookshelf":22,"minecraft:potatoes":87,"minecraft:vine":16,"minecraft:stripped_jungle_log":194,"minecraft:stone":3475,"minecraft:glass_pane":67,"minecraft:dandelion":1,"minecraft:crafting_table":1,"minecraft:tall_grass":16,"minecraft:copper_ore":33,"minecraft:coal_ore":37,"minecraft:gravel":170,"minecraft:cobweb":3,"minecraft:small_dripleaf":1},"minecraft:used":{"minecraft:beetroot":5,"minecraft:iron_shovel":92,"minecraft:diamond_hoe":21,"minecraft:chest":27,"minecraft:stone":187,"minecraft:iron_sword":78,"minecraft:farmland":69,"twm:aurum_pickaxe":33,"minecraft:jungle_planks":2019,"minecraft:carrot":44,"minecraft:jungle_slab":256,"minecraft:jungle_sapling":84,"minecraft:glass":25,"minecraft:lava_bucket":3,"minecraft:stripped_dark_oak_wood":145,"minecraft:villager_spawn_egg":6,"minecraft:lantern":79,"minecraft:grass_block":28,"minecraft:dark_oak_wood":18,"minecraft:hay_block":1,"minecraft:furnace":11,"minecraft:egg":1,"minecraft:potato":230,"minecraft:dark_oak_sapling":24,"minecraft:damaged_anvil":1,"minecraft:stone_pickaxe":210,"minecraft:jungle_fence":13,"minecraft:wooden_pickaxe":18,"twm:aurum_axe":449,"minecraft:chainmail_helmet":1,"minecraft:sugar_cane":5,"minecraft:diamond_axe":1105,"minecraft:jungle_boat":4,"minecraft:white_wool":6,"minecraft:sand":1,"minecraft:blast_furnace":2,"minecraft:shears":177,"minecraft:dark_oak_log":15,"minecraft:bread":24,"minecraft:brown_wool":2,"minecraft:diamond_sword":149,"minecraft:fire_charge":1,"minecraft:wooden_sword":18,"minecraft:chainmail_boots":1,"minecraft:grindstone":4,"minecraft:smithing_table":9,"minecraft:oak_boat":9,"minecraft:bone_meal":103,"minecraft:cobweb":1,"minecraft:experience_bottle":186,"minecraft:jungle_leaves":276,"minecraft:stone_sword":119,"minecraft:flint_and_steel":101,"twm:aurum_shovel":7,"minecraft:cooked_chicken":4,"minecraft:torch":133,"minecraft:dirt":680,"minecraft:anvil":1,"minecraft:chainmail_chestplate":2,"minecraft:jungle_trapdoor":141,"minecraft:flowering_azalea":1,"twm:gilded_netherite_pickaxe":1,"minecraft:iron_axe":3,"minecraft:jungle_log":1666,"minecraft:beef":3,"minecraft:cooked_beef":10,"minecraft:golden_axe":19,"minecraft:iron_leggings":3,"minecraft:cooked_mutton":6,"born_in_chaos_v1:mint_ice_cream":1,"minecraft:water_bucket":16,"minecraft:cobblestone_stairs":2,"minecraft:baked_potato":19,"bossominium:overgrown_pickaxe":24,"minecraft:cut_sandstone":9,"minecraft:fletching_table":5,"minecraft:jungle_wood":41,"minecraft:music_disc_cat":1,"minecraft:vine":88,"minecraft:stripped_dark_oak_log":124,"minecraft:tnt":103,"minecraft:crafting_table":11,"minecraft:white_bed":14,"minecraft:diamond_pickaxe":3422,"minecraft:black_wool":5,"minecraft:apple":21,"minecraft:diamond_shovel":10662,"minecraft:stripped_jungle_log":113,"minecraft:chicken":3,"minecraft:jungle_stairs":42,"minecraft:stone_axe":3,"minecraft:cobblestone":10,"minecraft:potion":1,"minecraft:cooked_porkchop":3,"minecraft:glass_pane":610,"minecraft:yellow_bed":2,"minecraft:gray_wool":1,"minecraft:jukebox":1,"minecraft:chainmail_leggings":1},"minecraft:broken":{"minecraft:stone_axe":1,"minecraft:iron_axe":1},"minecraft:killed_by":{"minecraft:zombie":2,"minecraft:player":1,"born_in_chaos_v1:bonescaller":1,"minecraft:skeleton":1},"minecraft:killed":{"born_in_chaos_v1:zombie_lumberjack":1,"minecraft:spider":13,"minecraft:skeleton":18,"bloodandmadness:beast_patient":3,"minecraft:chicken":6,"minecraft:pig":8,"minecraft:creeper":1,"minecraft:sheep":13,"minecraft:zombie":17,"born_in_chaos_v1:dread_hound":1,"minecraft:stray":2,"minecraft:cow":1,"bloodandmadness:church_doctor":1,"born_in_chaos_v1:maggot":1,"minecraft:horse":3,"bloodandmadness:huntsman_axe":1,"born_in_chaos_v1:baby_skeleton":1},"minecraft:picked_up":{"minecraft:iron_chestplate":3,"minecraft:wheat":205,"minecraft:chainmail_boots":3,"minecraft:diamond_sword":1,"minecraft:oak_stairs":1,"minecraft:potion":4,"minecraft:enchanted_book":33,"minecraft:music_disc_cat":3,"minecraft:string":16,"minecraft:raw_copper":191,"minecraft:iron_leggings":6,"minecraft:experience_bottle":261,"minecraft:beetroot":78,"minecraft:iron_pickaxe":3,"minecraft:furnace":4,"minecraft:iron_boots":5,"minecraft:stick":4375,"born_in_chaos_v1:shattered_skull":1,"minecraft:jukebox":1,"minecraft:big_dripleaf":5,"minecraft:torch":130,"minecraft:acacia_log":1,"minecraft:porkchop":30,"minecraft:golden_axe":3,"minecraft:warped_planks":2,"minecraft:cauldron":1,"twm:aurum_shovel":1,"minecraft:stone_sword":1,"minecraft:rotten_flesh":19,"minecraft:tropical_fish":1,"minecraft:bookshelf":64,"bloodandmadness:blood_stone_shard":2,"minecraft:iron_bars":10,"minecraft:cobblestone":7741,"minecraft:feather":5,"minecraft:repeater":1,"minecraft:andesite":35,"minecraft:jungle_log":2577,"minecraft:brown_wool":1,"minecraft:jungle_wood":2,"minecraft:potato":586,"minecraft:flint":16,"minecraft:lapis_lazuli":20,"minecraft:dirt":12505,"minecraft:lantern":6,"born_in_chaos_v1:monster_skin":2,"minecraft:leather_boots":1,"minecraft:glass":193,"minecraft:bone":55,"minecraft:bow":23,"minecraft:wheat_seeds":250,"minecraft:grindstone":2,"minecraft:music_disc_13":1,"minecraft:poisonous_potato":2,"minecraft:sand":463,"minecraft:jungle_planks":520,"minecraft:grass_block":1,"minecraft:fermented_spider_eye":1,"minecraft:oxidized_cut_copper_slab":2,"minecraft:jungle_leaves":53,"minecraft:diamond":704,"minecraft:crossbow":19,"minecraft:bone_meal":19,"minecraft:golden_apple":2,"minecraft:emerald":2256,"minecraft:chainmail_helmet":1,"minecraft:bread":318,"minecraft:oak_sapling":21,"minecraft:mud":3,"minecraft:crafting_table":1,"minecraft:azure_bluet":1,"minecraft:chicken":7,"born_in_chaos_v1:river_mint":25,"minecraft:leather_leggings":2,"minecraft:cornflower":2,"minecraft:moss_carpet":1,"minecraft:iron_axe":5,"minecraft:iron_shovel":17,"minecraft:glass_pane":192,"bloodandmadness:blood_vial":2,"minecraft:cracked_stone_bricks":2,"minecraft:beef":3,"minecraft:iron_nugget":64,"born_in_chaos_v1:gnawed_bones":3,"minecraft:jungle_sapling":126,"minecraft:poppy":2,"minecraft:light_gray_wool":3,"minecraft:sugar_cane":14,"minecraft:chest":2,"minecraft:phantom_membrane":6,"minecraft:egg":1,"minecraft:raw_iron":4,"minecraft:stone":1,"minecraft:carrot":201,"minecraft:redstone":12,"bloodandmadness:beastblood_clump":2,"minecraft:tnt":3,"minecraft:arrow":20,"minecraft:beetroot_seeds":168,"minecraft:hay_block":31,"bloodandmadness:sanguisteel_nugget":1,"minecraft:gold_ingot":12,"minecraft:mutton":36,"minecraft:white_wool":24,"minecraft:oxeye_daisy":1,"born_in_chaos_v1:fused_bone":10,"born_in_chaos_v1:corpse_maggot":2,"minecraft:jungle_boat":3,"born_in_chaos_v1:monster_flesh":6,"minecraft:cut_sandstone":2,"minecraft:leather":30,"minecraft:red_mushroom":3,"minecraft:oak_log":26,"minecraft:chainmail_chestplate":4,"minecraft:cobblestone_stairs":2,"minecraft:apple":5,"minecraft:kelp":6,"twm:aurum_axe":2,"minecraft:iron_ingot":452,"minecraft:stone_pickaxe":11,"minecraft:cooked_chicken":4,"minecraft:iron_sword":8,"minecraft:flowering_azalea":1,"minecraft:book":234,"minecraft:sweet_berries":8,"minecraft:dandelion":14,"minecraft:gravel":46,"minecraft:lava_bucket":1,"minecraft:white_bed":10,"minecraft:spider_eye":5,"minecraft:stripped_jungle_log":131,"minecraft:stone_axe":2,"minecraft:iron_helmet":2,"minecraft:diamond_axe":5,"minecraft:baked_potato":131,"minecraft:damaged_anvil":1,"minecraft:coal":746}},"DataVersion":3120}