{"stats":{"minecraft:custom":{"minecraft:interact_with_crafting_table":67,"minecraft:eat_cake_slice":7,"minecraft:leave_game":12,"minecraft:time_since_death":397448,"minecraft:sprint_one_cm":1514433,"minecraft:drop":239,"minecraft:talked_to_villager":132,"minecraft:play_time":750232,"minecraft:deaths":2,"minecraft:jump":12010,"minecraft:interact_with_brewingstand":1,"minecraft:walk_on_water_one_cm":30676,"minecraft:interact_with_furnace":409,"minecraft:traded_with_villager":499,"minecraft:sleep_in_bed":23,"minecraft:damage_dealt":11777,"minecraft:player_kills":1,"minecraft:crouch_one_cm":372610,"minecraft:inspect_dispenser":1,"minecraft:mob_kills":68,"minecraft:damage_dealt_resisted":1812,"minecraft:climb_one_cm":12830,"minecraft:walk_one_cm":1767388,"minecraft:damage_dealt_absorbed":98,"minecraft:sneak_time":85877,"minecraft:walk_under_water_one_cm":38500,"minecraft:boat_one_cm":638577,"minecraft:total_world_time":750232,"minecraft:interact_with_stonecutter":30,"minecraft:time_since_rest":167140,"minecraft:damage_taken":7180,"minecraft:swim_one_cm":51314,"minecraft:fly_one_cm":2455331,"minecraft:open_chest":226,"minecraft:fall_one_cm":348810},"minecraft:killed_by":{"minecraft:player":1},"minecraft:dropped":{"minecraft:oak_log":14,"bloodandmadness:blood_vial":1,"minecraft:oxidized_cut_copper_slab":1,"minecraft:jungle_planks":138,"born_in_chaos_v1:monster_flesh":1,"minecraft:dirt":880,"minecraft:grass":1,"born_in_chaos_v1:monster_skin":1,"minecraft:cornflower":7,"minecraft:jungle_sapling":6,"minecraft:wooden_sword":1,"minecraft:bone_meal":3,"minecraft:phantom_membrane":2,"minecraft:bone":3,"minecraft:gravel":32,"minecraft:stone_axe":1,"minecraft:mangrove_roots":1,"minecraft:birch_sapling":4,"minecraft:wheat":4,"minecraft:rotten_flesh":13,"twm:aurum_shovel":1,"minecraft:diamond_shovel":1,"minecraft:stone_stairs":5,"minecraft:azure_bluet":5,"minecraft:poppy":4,"minecraft:jungle_log":26,"minecraft:arrow":8,"minecraft:egg":1,"minecraft:bread":61,"born_in_chaos_v1:shattered_skull":1,"minecraft:wheat_seeds":27,"minecraft:feather":3,"minecraft:cobblestone":1442,"minecraft:book":6,"minecraft:apple":3,"minecraft:coal":1,"minecraft:stick":31,"minecraft:oxeye_daisy":3,"minecraft:torch":10,"born_in_chaos_v1:fused_bone":1,"minecraft:jungle_boat":2,"minecraft:iron_shovel":5,"minecraft:spruce_sapling":4,"minecraft:dandelion":1,"minecraft:kelp":2,"minecraft:oak_trapdoor":8,"minecraft:raw_copper":7,"minecraft:diamond_hoe":5,"minecraft:stone_shovel":42,"minecraft:stone_slab":5,"minecraft:cobblestone_slab":29,"bloodandmadness:sanguisteel_nugget":1,"minecraft:spruce_trapdoor":3,"minecraft:diamond_pickaxe":1,"minecraft:oak_sapling":12,"minecraft:spider_eye":1,"minecraft:brown_carpet":10,"minecraft:spruce_log":7,"minecraft:stone_pickaxe":34,"minecraft:wooden_pickaxe":1},"minecraft:broken":{"minecraft:iron_shovel":1,"minecraft:diamond_shovel":1,"minecraft:stone_axe":4,"minecraft:leather_helmet":1,"minecraft:stone_sword":1,"minecraft:diamond_axe":1,"minecraft:iron_axe":1,"minecraft:iron_pickaxe":2},"minecraft:killed":{"born_in_chaos_v1:restless_spirit":1,"minecraft:spider":4,"born_in_chaos_v1:siamese_skeletonsright":1,"born_in_chaos_v1:scarlet_persecutor":2,"minecraft:skeleton":6,"bloodandmadness:beast_patient":1,"minecraft:chicken":3,"minecraft:pig":2,"minecraft:sheep":7,"minecraft:zombie":9,"born_in_chaos_v1:dread_hound":1,"born_in_chaos_v1:corpse_fly":5,"born_in_chaos_v1:door_knight":2,"minecraft:cow":9,"born_in_chaos_v1:siamese_skeletonsleft":1,"bloodandmadness:church_doctor":1,"born_in_chaos_v1:maggot":3,"minecraft:phantom":2,"minecraft:drowned":1,"born_in_chaos_v1:barrel_zombie":2,"born_in_chaos_v1:baby_skeleton":2,"born_in_chaos_v1:swarmer":1,"born_in_chaos_v1:decrepit_skeleton":2},"minecraft:used":{"minecraft:iron_shovel":463,"minecraft:spruce_slab":541,"minecraft:chest":5,"minecraft:stone":4448,"minecraft:iron_sword":185,"minecraft:iron_chestplate":1,"minecraft:jungle_planks":147,"twm:aurum_pickaxe":3798,"minecraft:jungle_sapling":141,"minecraft:iron_helmet":1,"minecraft:furnace":9,"minecraft:egg":1,"minecraft:stone_pickaxe":74,"minecraft:oak_planks":4,"minecraft:wooden_pickaxe":23,"minecraft:diamond_axe":100,"minecraft:jungle_boat":2,"minecraft:bread":108,"minecraft:smithing_table":1,"minecraft:bone_meal":6,"minecraft:experience_bottle":1,"minecraft:stone_sword":128,"minecraft:stone_shovel":43,"minecraft:spruce_planks":108,"twm:aurum_shovel":1927,"minecraft:torch":9,"minecraft:dirt":3217,"minecraft:spruce_stairs":31,"minecraft:stone_stairs":85,"minecraft:iron_axe":16,"minecraft:oak_stairs":9,"minecraft:iron_boots":1,"minecraft:cooked_beef":14,"minecraft:iron_leggings":2,"minecraft:birch_planks":35,"minecraft:fletching_table":3,"minecraft:stonecutter":5,"minecraft:cobblestone_slab":168,"minecraft:oak_slab":5,"minecraft:crafting_table":8,"minecraft:white_bed":7,"minecraft:diamond_pickaxe":978,"minecraft:apple":14,"minecraft:diamond_shovel":4134,"minecraft:iron_pickaxe":500,"minecraft:stone_slab":399,"minecraft:spruce_trapdoor":25,"minecraft:spruce_sapling":21,"minecraft:golden_leggings":1,"minecraft:stone_axe":46,"minecraft:cobblestone":24,"minecraft:porkchop":3},"minecraft:mined":{"minecraft:spruce_planks":1,"minecraft:white_bed":5,"minecraft:cobblestone_stairs":1,"minecraft:grass_block":2434,"minecraft:stone_brick_wall":1,"minecraft:jungle_log":2347,"minecraft:polished_diorite":2,"minecraft:spawner":2,"minecraft:iron_ore":26,"minecraft:fletching_table":3,"minecraft:azure_bluet":5,"minecraft:dirt_path":55,"minecraft:oak_stairs":10,"minecraft:iron_bars":2,"minecraft:spruce_slab":35,"minecraft:clay":3,"minecraft:torch":1,"minecraft:poppy":3,"minecraft:chest":1,"minecraft:cobblestone":20,"minecraft:oak_planks":4,"minecraft:stone_stairs":8,"minecraft:warped_planks":2,"minecraft:birch_log":61,"minecraft:smooth_stone_slab":3,"minecraft:grass":125,"minecraft:oak_log":255,"minecraft:dirt":3820,"minecraft:stonecutter":4,"minecraft:oak_leaves":2,"minecraft:deepslate":1,"minecraft:quartz_stairs":1,"minecraft:mangrove_roots":1,"minecraft:jungle_planks":2,"born_in_chaos_v1:black_argillite":2,"minecraft:moss_block":3,"minecraft:large_fern":1,"minecraft:hay_block":25,"minecraft:oak_trapdoor":8,"minecraft:spruce_sapling":6,"minecraft:furnace":2,"minecraft:jungle_sapling":1,"minecraft:andesite":615,"minecraft:bookshelf":21,"minecraft:deepslate_iron_ore":5,"minecraft:cobblestone_slab":163,"minecraft:vine":25,"minecraft:oxidized_cut_copper_slab":1,"minecraft:stone":4426,"minecraft:oak_slab":1,"minecraft:acacia_leaves":2,"minecraft:scaffolding":6,"minecraft:dandelion":2,"minecraft:crafting_table":1,"minecraft:cornflower":2,"minecraft:stone_slab":23,"minecraft:tall_grass":3,"minecraft:copper_ore":2,"minecraft:diorite":9,"minecraft:spruce_stairs":1,"minecraft:birch_planks":35,"minecraft:cactus":3,"minecraft:spruce_log":195,"minecraft:coal_ore":40,"minecraft:cocoa":2,"minecraft:gravel":83,"minecraft:flower_pot":1,"minecraft:cobweb":3,"minecraft:stone_bricks":1,"minecraft:fern":9},"minecraft:crafted":{"minecraft:brick":100,"minecraft:oak_planks":732,"minecraft:stone":5002,"minecraft:diamond_shovel":5,"minecraft:quartz_pillar":1,"minecraft:quartz_block":35,"minecraft:chest":6,"minecraft:chiseled_stone_bricks":48,"minecraft:oak_slab":6,"sophisticatedbackpacks:backpack":1,"minecraft:emerald":340,"minecraft:diamond_axe":2,"minecraft:crafting_table":7,"minecraft:spruce_planks":528,"minecraft:jungle_boat":3,"minecraft:wooden_pickaxe":1,"minecraft:smithing_table":1,"minecraft:birch_planks":124,"minecraft:spruce_trapdoor":28,"minecraft:green_terracotta":7,"minecraft:diamond_pickaxe":1,"minecraft:stick":13130,"minecraft:stone_slab":4,"minecraft:stone_sword":1,"minecraft:stone_shovel":42,"minecraft:diamond_hoe":5,"minecraft:furnace":8,"minecraft:bone_meal":9,"minecraft:spruce_stairs":40,"minecraft:polished_diorite":32,"minecraft:iron_axe":1,"minecraft:spruce_slab":486,"minecraft:stone_pickaxe":29,"minecraft:wheat":216,"sophisticatedbackpacks:iron_backpack":1,"minecraft:cooked_beef":14,"minecraft:iron_sword":1,"minecraft:stone_axe":4,"minecraft:jungle_planks":9192,"minecraft:bread":93,"minecraft:air":0,"minecraft:iron_shovel":3,"minecraft:stonecutter":1,"minecraft:white_bed":2,"minecraft:torch":8},"minecraft:picked_up":{"minecraft:wheat":4,"minecraft:flower_pot":1,"minecraft:stone_slab":26,"minecraft:oak_stairs":10,"minecraft:enchanted_book":1,"minecraft:string":8,"minecraft:raw_copper":7,"minecraft:smooth_stone_slab":4,"minecraft:iron_leggings":1,"minecraft:experience_bottle":2,"minecraft:oak_sign":2,"minecraft:gold_nugget":2,"minecraft:spruce_planks":1,"minecraft:cobblestone_slab":43,"minecraft:furnace":2,"minecraft:stick":322,"born_in_chaos_v1:shattered_skull":1,"minecraft:torch":10,"minecraft:spruce_stairs":1,"minecraft:porkchop":8,"twm:aurum_shovel":1,"minecraft:brown_carpet":10,"minecraft:cactus":3,"minecraft:rotten_flesh":18,"minecraft:mangrove_roots":1,"minecraft:cobblestone":3832,"minecraft:birch_log":36,"minecraft:feather":5,"minecraft:andesite":160,"minecraft:jungle_log":2314,"minecraft:flint":6,"minecraft:dirt":4103,"minecraft:lantern":1,"born_in_chaos_v1:monster_skin":2,"minecraft:bone":6,"minecraft:stonecutter":4,"minecraft:wheat_seeds":57,"minecraft:fletching_table":3,"minecraft:oak_planks":4,"minecraft:jungle_planks":34,"minecraft:oxidized_cut_copper_slab":1,"bossominium:the_bossdexium":1,"minecraft:grass":1,"minecraft:bread":98,"minecraft:emerald":33,"minecraft:oak_sapling":141,"minecraft:diamond_pickaxe":2,"minecraft:cocoa_beans":6,"minecraft:crafting_table":1,"minecraft:azure_bluet":5,"minecraft:chicken":5,"minecraft:clay_ball":4,"minecraft:stone_brick_wall":1,"minecraft:chain":1,"minecraft:cornflower":8,"minecraft:oak_trapdoor":8,"minecraft:stone_stairs":5,"minecraft:wooden_sword":1,"minecraft:item_frame":1,"minecraft:iron_shovel":2,"bloodandmadness:blood_vial":1,"minecraft:beef":16,"minecraft:jungle_sapling":249,"minecraft:poppy":43,"minecraft:spruce_slab":57,"minecraft:chest":1,"minecraft:birch_sapling":16,"minecraft:phantom_membrane":2,"minecraft:egg":3,"minecraft:raw_iron":31,"minecraft:stone":29,"minecraft:arrow":8,"minecraft:hay_block":24,"bloodandmadness:sanguisteel_nugget":1,"minecraft:mutton":9,"minecraft:white_wool":6,"minecraft:oxeye_daisy":3,"born_in_chaos_v1:fused_bone":1,"born_in_chaos_v1:corpse_maggot":3,"minecraft:jungle_boat":1,"born_in_chaos_v1:monster_flesh":2,"minecraft:leather":8,"minecraft:birch_planks":16,"minecraft:oak_log":205,"minecraft:chainmail_chestplate":2,"minecraft:cobblestone_stairs":1,"minecraft:apple":27,"minecraft:stone_bricks":1,"minecraft:kelp":2,"minecraft:iron_ingot":3,"minecraft:stone_pickaxe":5,"minecraft:acacia_sapling":2,"minecraft:iron_sword":1,"minecraft:book":60,"minecraft:scaffolding":2,"minecraft:oak_slab":1,"born_in_chaos_v1:ethereal_spirit":2,"minecraft:dandelion":1,"minecraft:gravel":82,"minecraft:spruce_sapling":50,"minecraft:white_bed":5,"minecraft:spruce_log":151,"minecraft:spider_eye":1,"minecraft:leather_helmet":1,"twm:aurum_pickaxe":1,"minecraft:diamond_shovel":3,"minecraft:polished_diorite":2,"minecraft:stone_axe":2,"minecraft:diamond_axe":2,"minecraft:coal":41}},"DataVersion":3120}