{"stats":{"minecraft:mined":{"minecraft:white_bed":5,"minecraft:quartz_stairs":1,"minecraft:mangrove_roots":1,"minecraft:grass_block":669,"minecraft:jungle_log":1331,"minecraft:jungle_planks":2,"born_in_chaos_v1:black_argillite":2,"minecraft:polished_diorite":2,"minecraft:moss_block":3,"minecraft:spawner":2,"minecraft:large_fern":1,"minecraft:hay_block":1,"minecraft:oak_trapdoor":8,"minecraft:spruce_sapling":6,"minecraft:furnace":1,"minecraft:jungle_sapling":1,"minecraft:iron_ore":13,"minecraft:fletching_table":2,"minecraft:azure_bluet":5,"minecraft:bookshelf":21,"minecraft:dirt_path":52,"minecraft:vine":16,"minecraft:deepslate_iron_ore":5,"minecraft:cobblestone_slab":163,"minecraft:oak_stairs":10,"minecraft:iron_bars":2,"minecraft:oxidized_cut_copper_slab":1,"minecraft:stone":1327,"minecraft:acacia_leaves":2,"minecraft:scaffolding":6,"minecraft:crafting_table":1,"minecraft:dandelion":2,"minecraft:clay":3,"minecraft:cornflower":2,"minecraft:torch":1,"minecraft:chest":1,"minecraft:stone_slab":16,"minecraft:copper_ore":2,"minecraft:tall_grass":1,"minecraft:cobblestone":18,"minecraft:oak_planks":4,"minecraft:diorite":4,"minecraft:stone_stairs":7,"minecraft:cactus":3,"minecraft:warped_planks":2,"minecraft:birch_log":56,"minecraft:spruce_log":120,"minecraft:grass":103,"minecraft:oak_log":231,"minecraft:coal_ore":19,"minecraft:cocoa":2,"minecraft:gravel":31,"minecraft:dirt":897,"minecraft:cobweb":3,"minecraft:stonecutter":1,"minecraft:oak_leaves":1,"minecraft:deepslate":1,"minecraft:fern":9},"minecraft:killed":{"minecraft:spider":2,"born_in_chaos_v1:siamese_skeletonsright":1,"born_in_chaos_v1:scarlet_persecutor":2,"minecraft:skeleton":6,"minecraft:chicken":3,"minecraft:pig":1,"born_in_chaos_v1:decrepit_skeleton":1,"minecraft:sheep":6,"minecraft:zombie":5,"born_in_chaos_v1:dread_hound":1,"born_in_chaos_v1:door_knight":1,"born_in_chaos_v1:siamese_skeletonsleft":1,"minecraft:cow":8},"minecraft:custom":{"minecraft:mob_kills":39,"minecraft:interact_with_crafting_table":38,"minecraft:damage_dealt_resisted":792,"minecraft:eat_cake_slice":4,"minecraft:leave_game":8,"minecraft:time_since_death":38698,"minecraft:climb_one_cm":11504,"minecraft:sprint_one_cm":902060,"minecraft:walk_one_cm":794735,"minecraft:drop":184,"minecraft:damage_dealt_absorbed":98,"minecraft:talked_to_villager":78,"minecraft:play_time":391482,"minecraft:sneak_time":25747,"minecraft:deaths":2,"minecraft:walk_under_water_one_cm":5281,"minecraft:boat_one_cm":638577,"minecraft:jump":6957,"minecraft:interact_with_brewingstand":1,"minecraft:walk_on_water_one_cm":20014,"minecraft:total_world_time":391482,"minecraft:interact_with_furnace":107,"minecraft:traded_with_villager":309,"minecraft:interact_with_stonecutter":19,"minecraft:sleep_in_bed":18,"minecraft:time_since_rest":38790,"minecraft:damage_taken":4690,"minecraft:damage_dealt":5885,"minecraft:swim_one_cm":34215,"minecraft:fly_one_cm":1541900,"minecraft:player_kills":1,"minecraft:open_chest":138,"minecraft:crouch_one_cm":104447,"minecraft:fall_one_cm":204536,"minecraft:inspect_dispenser":1},"minecraft:picked_up":{"minecraft:cocoa_beans":6,"minecraft:crafting_table":1,"minecraft:wheat":4,"minecraft:azure_bluet":5,"minecraft:chicken":5,"minecraft:stone_slab":19,"minecraft:oak_stairs":10,"minecraft:enchanted_book":1,"minecraft:cornflower":7,"minecraft:oak_trapdoor":8,"minecraft:string":6,"minecraft:stone_stairs":4,"minecraft:raw_copper":7,"minecraft:wooden_sword":1,"minecraft:iron_leggings":1,"minecraft:iron_shovel":2,"minecraft:experience_bottle":2,"minecraft:oak_sign":2,"bloodandmadness:blood_vial":1,"minecraft:gold_nugget":2,"minecraft:beef":15,"minecraft:cobblestone_slab":43,"minecraft:jungle_sapling":136,"minecraft:poppy":3,"minecraft:chest":1,"minecraft:birch_sapling":12,"minecraft:egg":3,"minecraft:furnace":1,"minecraft:stick":215,"minecraft:raw_iron":18,"minecraft:stone":29,"born_in_chaos_v1:shattered_skull":1,"minecraft:torch":10,"minecraft:porkchop":6,"minecraft:brown_carpet":10,"minecraft:arrow":8,"minecraft:cactus":3,"minecraft:rotten_flesh":8,"bloodandmadness:sanguisteel_nugget":1,"minecraft:mangrove_roots":1,"minecraft:mutton":9,"minecraft:white_wool":6,"minecraft:cobblestone":1201,"minecraft:oxeye_daisy":3,"born_in_chaos_v1:fused_bone":1,"minecraft:birch_log":31,"minecraft:jungle_boat":1,"minecraft:feather":5,"born_in_chaos_v1:monster_flesh":2,"minecraft:jungle_log":1295,"minecraft:leather":7,"minecraft:oak_log":183,"minecraft:chainmail_chestplate":2,"minecraft:dirt":1423,"born_in_chaos_v1:monster_skin":2,"minecraft:bone":4,"minecraft:apple":24,"minecraft:kelp":2,"minecraft:stonecutter":1,"minecraft:wheat_seeds":38,"minecraft:stone_pickaxe":5,"minecraft:iron_ingot":3,"minecraft:fletching_table":2,"minecraft:iron_sword":1,"minecraft:acacia_sapling":2,"minecraft:oak_planks":4,"minecraft:book":60,"minecraft:scaffolding":2,"born_in_chaos_v1:ethereal_spirit":2,"minecraft:dandelion":1,"minecraft:gravel":4,"minecraft:jungle_planks":34,"minecraft:spruce_sapling":34,"minecraft:white_bed":5,"minecraft:spruce_log":76,"minecraft:oxidized_cut_copper_slab":1,"minecraft:leather_helmet":1,"twm:aurum_pickaxe":1,"minecraft:diamond_shovel":3,"minecraft:polished_diorite":2,"minecraft:stone_axe":2,"bossominium:the_bossdexium":1,"minecraft:diamond_axe":2,"minecraft:grass":1,"minecraft:bread":98,"minecraft:emerald":33,"minecraft:oak_sapling":129,"minecraft:coal":25,"minecraft:diamond_pickaxe":2},"minecraft:killed_by":{"minecraft:player":1},"minecraft:crafted":{"minecraft:oak_planks":224,"minecraft:stone_shovel":42,"minecraft:diamond_hoe":5,"minecraft:furnace":6,"minecraft:stone":912,"minecraft:bone_meal":9,"minecraft:diamond_shovel":5,"minecraft:spruce_stairs":40,"minecraft:iron_axe":1,"minecraft:spruce_slab":60,"minecraft:stone_pickaxe":29,"minecraft:chest":4,"minecraft:cooked_beef":14,"minecraft:oak_slab":6,"minecraft:emerald":223,"minecraft:diamond_axe":2,"minecraft:crafting_table":7,"minecraft:spruce_planks":164,"minecraft:jungle_boat":3,"minecraft:wooden_pickaxe":1,"minecraft:iron_sword":1,"minecraft:smithing_table":1,"minecraft:birch_planks":124,"minecraft:stone_axe":4,"minecraft:bread":21,"minecraft:air":0,"minecraft:jungle_planks":5128,"minecraft:spruce_trapdoor":6,"minecraft:diamond_pickaxe":1,"minecraft:stick":8734,"minecraft:stone_sword":1,"minecraft:iron_shovel":3,"minecraft:stonecutter":1,"minecraft:white_bed":2,"minecraft:torch":8},"minecraft:broken":{"minecraft:leather_helmet":1,"minecraft:iron_shovel":1,"minecraft:stone_sword":1,"minecraft:iron_axe":1,"minecraft:stone_axe":4,"minecraft:iron_pickaxe":2},"minecraft:used":{"minecraft:stone_sword":128,"minecraft:iron_shovel":463,"minecraft:spruce_slab":40,"minecraft:stone_shovel":43,"minecraft:spruce_planks":30,"minecraft:chest":4,"minecraft:stone":652,"minecraft:iron_sword":28,"minecraft:torch":9,"minecraft:dirt":990,"twm:aurum_pickaxe":24,"minecraft:spruce_stairs":5,"minecraft:jungle_planks":147,"minecraft:stone_stairs":35,"minecraft:jungle_sapling":85,"minecraft:iron_axe":16,"minecraft:oak_stairs":9,"minecraft:furnace":6,"minecraft:egg":1,"minecraft:cooked_beef":14,"minecraft:iron_leggings":1,"minecraft:stone_pickaxe":74,"minecraft:oak_planks":4,"minecraft:wooden_pickaxe":23,"minecraft:cobblestone_slab":168,"minecraft:stonecutter":2,"minecraft:diamond_axe":16,"minecraft:fletching_table":2,"minecraft:jungle_boat":2,"minecraft:oak_slab":2,"minecraft:crafting_table":8,"minecraft:white_bed":7,"minecraft:diamond_pickaxe":978,"minecraft:diamond_shovel":1269,"minecraft:bread":61,"minecraft:iron_pickaxe":500,"minecraft:stone_slab":81,"minecraft:spruce_trapdoor":5,"minecraft:spruce_sapling":17,"minecraft:golden_leggings":1,"minecraft:stone_axe":46,"minecraft:cobblestone":20,"minecraft:porkchop":3,"minecraft:smithing_table":1,"minecraft:bone_meal":6,"minecraft:experience_bottle":1},"minecraft:dropped":{"minecraft:bread":61,"born_in_chaos_v1:shattered_skull":1,"minecraft:wheat_seeds":26,"bloodandmadness:blood_vial":1,"minecraft:feather":1,"minecraft:cobblestone":539,"minecraft:book":6,"minecraft:apple":3,"minecraft:oxidized_cut_copper_slab":1,"minecraft:jungle_planks":138,"minecraft:coal":1,"minecraft:stick":31,"minecraft:oxeye_daisy":3,"born_in_chaos_v1:monster_flesh":1,"minecraft:dirt":30,"minecraft:grass":1,"minecraft:torch":10,"born_in_chaos_v1:monster_skin":1,"minecraft:cornflower":7,"born_in_chaos_v1:fused_bone":1,"minecraft:bone_meal":3,"minecraft:wooden_sword":1,"minecraft:jungle_boat":2,"minecraft:iron_shovel":5,"minecraft:dandelion":1,"minecraft:bone":1,"minecraft:gravel":4,"minecraft:stone_axe":1,"minecraft:kelp":2,"minecraft:mangrove_roots":1,"minecraft:oak_trapdoor":8,"minecraft:raw_copper":7,"minecraft:diamond_hoe":5,"minecraft:wheat":4,"minecraft:stone_shovel":42,"minecraft:rotten_flesh":8,"minecraft:diamond_shovel":1,"minecraft:stone_slab":5,"minecraft:stone_stairs":5,"minecraft:azure_bluet":5,"minecraft:poppy":3,"minecraft:cobblestone_slab":29,"minecraft:spruce_trapdoor":1,"bloodandmadness:sanguisteel_nugget":1,"minecraft:diamond_pickaxe":1,"minecraft:jungle_log":26,"minecraft:brown_carpet":10,"minecraft:spruce_log":7,"minecraft:arrow":8,"minecraft:stone_pickaxe":34,"minecraft:wooden_pickaxe":1}},"DataVersion":3120}