{
  "dungeons_arise:wda_root": {
    "criteria": {
      "WDA": "2024-05-20 08:52:59 +0000"
    },
    "done": true
  },
  "bossominium:loot_bosses_a": {
    "criteria": {
      "loot_bosses_a": "2024-05-20 08:52:59 +0000"
    },
    "done": true
  },
  "minecraft:adventure/adventuring_time": {
    "criteria": {
      "minecraft:sparse_jungle": "2024-05-20 09:15:12 +0000",
      "minecraft:river": "2024-05-20 09:15:11 +0000",
      "minecraft:forest": "2024-05-20 09:15:16 +0000",
      "minecraft:jungle": "2024-05-20 08:39:23 +0000",
      "minecraft:plains": "2024-05-20 09:15:21 +0000"
    },
    "done": false
  },
  "1_splatus:ultris/root": {
    "criteria": {
      "c1": "2024-05-20 08:52:59 +0000"
    },
    "done": true
  },
  "DataVersion": 3120
}